first_name,last_name,email,phone_number,address
Joanie,Kirsop,jkirsop0@vkontakte.ru,560-141-8153,4 Sloan Place
Patti,Kestian,pkestian1@narod.ru,441-211-3557,35074 Northridge Avenue
Abbe,Drewes,adrewes2@yahoo.com,227-212-6024,0 Twin Pines Place
Michaelina,Eldritt,meldritt3@so-net.ne.jp,628-519-9481,872 Ridgeway Terrace
Monah,Fowley,mfowley4@bizjournals.com,132-955-5585,13 Carberry Avenue
Davy,Cordero,dcordero5@nyu.edu,242-842-5524,933 Brown Place
Ban,Greenshields,bgreenshields6@rediff.com,850-827-5560,0 Claremont Point
Stephen,Mostyn,smostyn7@behance.net,204-872-1315,9346 Hoepker Court
Stanleigh,Hedman,shedman8@house.gov,248-767-1441,536 Rieder Place
Anders,Capps,acapps9@topsy.com,751-135-2124,8 Eliot Drive
